Cluster_higher_urban,Cluster_literacy_density,Cluster_male_female_literacy,State,Area,BPF,BPM,BPT,Density,Density rate,Female,GF,GM,Growth Rate,GT,HF,Higher,Higher Male,higher_female,HM,HT,IF,IM,IT,LF,Literacy,Literacy Female,Literacy Male,LM,LT,Male,MF,MM,MT,No F,No M,No T,PF,PM,Prev,PT,SF,SM,ST,Total,Urban Pop,Urban Rate
Cluster 1,Cluster 1,Cluster 1,ANDAMAN & NICOBAR ISLANDS,8249,19616,22513,42129,46,0.065427121,177710,10537,13622,0.068591500,24159,17556,0.284388869,0.265286140,0.265286140,21414,38970,47806,38494,86300,129904,0.773241439,0.730988689,0.810253807,164377,294281,202871,29283,39337,68620,2861,3041,5902,30495,37920,356152,68415,19051,26053,45104,380581,143488,0.377023551
Cluster 1,Cluster 2,Cluster 2,ANDHRA PRADESH,275045,3553443,3884076,7437519,308,0.111584467,42138631,1944765,3632622,0.109838200,5577387,2400485,0.243620959,0.191937607,0.191937607,4042297,6442782,19833114,14190903,34024017,22305517,0.597733454,0.529336537,0.665641247,28251243,50556760,42442146,2565412,3006742,5572154,1401136,1741175,3142311,6545186,6904114,76210007,13449300,3742738,4842743,8585481,84580777,28219075,0.333634615
Cluster 1,Cluster 2,Cluster 2,ARUNACHAL PRADESH,83743,76188,88788,164976,17,0.296605183,669815,17176,36430,0.260261683,53606,29178,0.175097400,0.134217657,0.134217657,50199,79377,343678,274044,617722,326137,0.553581017,0.486906086,0.616137563,439868,766005,713912,63313,82535,145848,9122,12529,21651,86851,102518,1097968,189369,43547,65757,109304,1383727,317369,0.229358103
Cluster 1,Cluster 2,Cluster 2,ASSAM,78438,2080535,2469904,4550439,398,0.171176350,15266133,372104,639241,0.170698101,1011345,1045450,0.160370441,0.134958670,0.134958670,1502142,2547592,6656795,5370804,12027599,8609338,0.614568916,0.563950150,0.663049455,10568639,19177977,15939443,2036838,2248173,4285011,413049,507614,920663,2004541,2378849,26655528,4383390,642743,802772,1445515,31205576,4398542,0.140953719
Cluster 1,Cluster 2,Cluster 2,BIHAR,94163,6393622,7308358,13701980,1106,0.254772878,49821295,735584,2326092,0.254232796,3061676,1294039,0.137327486,0.090537450,0.090537450,2673873,3967912,28924765,22670134,51594899,20896530,0.504369158,0.419429684,0.582334124,31608023,52504553,54278157,3038709,4930890,7969599,1277073,1748926,3025999,5529586,7625383,82998509,13154969,2481070,4785058,7266128,104099452,11758016,0.112949836
Cluster 1,Cluster 2,Cluster 2,CHHATTISGARH,135192,1675846,2011523,3687369,189,0.226434175,12712303,359772,659081,0.226141862,1018853,415442,0.151698922,0.110153683,0.110153683,812397,1227839,6140274,4025002,10165276,6572029,0.602067050,0.516981777,0.686352768,8807893,15379922,12832895,1376916,1825488,3202404,173163,204602,377765,1924563,2267581,20833803,4192144,625093,1003394,1628487,25545198,5937237,0.232420864
Cluster 1,Cluster 2,Cluster 3,DADRA & NAGAR HAVELI,491,19227,24482,43709,700,0.558800853,149949,6947,12227,0.558841671,19174,8078,0.232900506,0.165062788,0.165062788,18543,26621,69240,51239,120479,80709,0.649473828,0.538243003,0.735554294,142521,223230,193760,12466,24919,37385,4428,8683,13111,19633,28803,220490,48436,9726,24529,34255,343709,160595,0.467241184
Cluster 1,Cluster 2,Cluster 3,GUJARAT,196244,3976121,4486708,8462829,308,0.192854527,28948432,1282226,1891932,0.192786243,3174158,1447753,0.217719144,0.175264173,0.175264173,2404970,3852723,11329947,8016387,19346334,17618485,0.679906807,0.608616211,0.745440894,23474873,41093358,31491260,2422485,4031450,6453935,1086717,1230706,2317423,4988442,5568559,50671017,10557001,2343644,3788353,6131997,60439692,25745083,0.425963173
Cluster 1,Cluster 2,Cluster 3,HARYANA,44212,1070133,1403012,2473145,573,0.198108223,11856728,774276,1102809,0.198958844,1877085,756330,0.284830240,0.227011955,0.227011955,1361512,2117842,5051807,3700667,8752474,6804921,0.654754665,0.573929081,0.725769548,9794067,16598988,13494734,1147612,1557670,2705282,183631,212259,395890,1696688,2075334,21144564,3772022,1161013,2064923,3225936,25351462,8842103,0.348780792
Cluster 1,Cluster 1,Cluster 1,HIMACHAL PRADESH,55673,285417,326058,611475,123,0.126668586,3382729,195445,251164,0.129436483,446609,314507,0.334905796,0.287179671,0.287179671,409882,724389,1095583,729283,1824866,2287146,0.734162884,0.676124514,0.790548650,2752590,5039736,3481873,373692,452919,826611,65486,64537,130023,586231,576764,6077900,1162995,461499,666498,1127997,6864602,688552,0.100304723
Cluster 1,Cluster 2,Cluster 2,JAMMU & KASHMIR,222236,446644,541130,987774,124,1.716687599,5900640,252485,401279,0.236363654,653764,307844,0.231058705,0.178392513,0.178392513,524196,832040,3098078,2375991,5474069,2802562,0.563516691,0.474958987,0.642205702,4264671,7067233,6640662,651252,1015129,1666381,71774,124009,195783,566397,719512,10143700,1285909,492301,919672,1411973,12541302,3433242,0.273754830
Cluster 1,Cluster 2,Cluster 2,JHARKHAND,79716,2000731,2292684,4293415,414,0.224769295,16057819,422303,906174,0.224238972,1328477,537004,0.162165038,0.116071927,0.116071927,1010216,1547220,8612269,6047796,14660065,7445550,0.555595809,0.463671312,0.642783020,10882519,18328069,16930315,1196068,1895039,3091107,326958,454490,781448,2056362,2752242,26945829,4808604,904555,1569270,2473825,32988134,7933061,0.240482259
Cluster 1,Cluster 2,Cluster 3,KARNATAKA,191791,3268127,3655942,6924069,319,0.157628731,30128640,1554438,2489209,0.156000896,4043647,2954886,0.268851267,0.225926162,0.225926162,4344608,7299494,11989789,8458186,20447975,18138851,0.665310163,0.602046790,0.726861508,22508471,40647322,30966657,2292313,2869395,5161708,1163824,1354868,2518692,4549079,4944027,52850562,9493106,2297524,2784883,5082407,61095297,23625962,0.386706721
Cluster 1,Cluster 2,Cluster 2,MADHYA PRADESH,308252,4339265,5242949,9582214,236,0.205465703,35014503,1171675,2051127,0.203466251,3222802,1112082,0.151002917,0.111548777,0.111548777,2190710,3302792,17337662,12437978,29775640,17676841,0.590018611,0.504843407,0.669310943,25174328,42851169,37612306,3336421,5094579,8431000,789299,1048973,1838272,5237769,6640472,60348023,11878241,1622068,2819198,4441266,72626809,20069405,0.276336043
Cluster 1,Cluster 2,Cluster 3,MANIPUR,22327,119904,123662,243566,128,0.318936601,1417208,90538,135082,0.317984962,225620,103461,0.276276580,0.238682677,0.238682677,129692,233153,548590,398728,947318,868618,0.668282096,0.612907915,0.722833393,1039858,1908476,1438586,205903,251129,457032,40958,47433,88391,162064,164889,2166788,326953,144264,185952,330216,2855794,834154,0.292091797
Cluster 1,Cluster 2,Cluster 2,MEGHALAYA,22429,297246,311818,609064,132,0.276781055,1475057,44208,46311,0.279481133,90519,60506,0.128359706,0.120655676,0.120655676,69741,130247,603931,577953,1181884,871126,0.601641989,0.590571076,0.612588415,913879,1785005,1491832,146625,151272,297897,37358,41109,78467,209168,203761,2318822,412929,73260,86803,160063,2966889,595450,0.200698442
Cluster 1,Cluster 1,Cluster 1,MIZORAM,21081,110603,105262,215865,52,0.233676918,541867,20094,29527,0.234795565,49621,33848,0.190389954,0.176906879,0.176906879,37275,71123,132221,116810,249031,409646,0.773031682,0.755989938,0.789660009,438529,848175,555339,96504,104978,201482,7181,6288,13469,99016,108434,888573,207450,41918,46235,88153,1097206,571771,0.521115451
Cluster 1,Cluster 2,Cluster 3,NAGALAND,16579,124376,134218,258594,119,-0.008610397,953853,36695,53023,-0.005795875,89718,48410,0.187601529,0.165790746,0.165790746,63517,111927,335376,300692,636068,618477,0.678510307,0.648398653,0.706541460,723957,1342434,1024649,139877,164734,304611,34505,39339,73844,159804,170554,1990036,330358,73035,96490,169525,1978502,570966,0.288585000
Cluster 1,Cluster 2,Cluster 3,ODISHA,155707,2759801,3126770,5886571,270,0.142270843,20762082,609613,1174184,0.140459333,1783797,724935,0.165872274,0.128410580,0.128410580,1236272,1961207,9109168,6122455,15231623,11652914,0.637119553,0.561259415,0.711370180,15089681,26742595,21212136,2249478,3035765,5285243,394008,438797,832805,3557389,4157327,36804660,7714716,1331523,1885832,3217355,41974218,7003656,0.166856140
Cluster 1,Cluster 2,Cluster 2,RAJASTHAN,342239,3660309,4423518,8083827,200,0.211311382,32997440,977035,2086247,0.213092341,3063282,800801,0.151155686,0.097556538,0.097556538,1887218,2688019,18410570,11862585,30273155,14586870,0.558368413,0.442060657,0.666322016,23688412,38275282,35550997,2530873,4788350,7319223,721316,1084848,1806164,4380872,6143552,56507188,10524424,1441280,3168905,4610185,68548437,17048085,0.248701294
Cluster 1,Cluster 1,Cluster 1,SIKKIM,7096,49442,66658,116100,86,0.128325546,287507,13379,19290,0.128919055,32669,15710,0.202836006,0.177863495,0.177863495,22200,37910,93824,71801,165625,193683,0.728740192,0.673663598,0.777754047,251269,444952,323070,32025,37520,69545,7470,10158,17628,52937,62664,540851,115601,22048,31220,53268,610577,153578,0.251529291
Cluster 1,Cluster 2,Cluster 2,TELANGANA,275045,3553443,3884076,7437519,308,0.111584467,42138631,1944765,3632622,0.109838200,5577387,2400485,0.243620959,0.191937607,0.191937607,4042297,6442782,19833114,14190903,34024017,22305517,0.597733454,0.529336537,0.665641247,28251243,50556760,42442146,2565412,3006742,5572154,1401136,1741175,3142311,6545186,6904114,76210007,13449300,3742738,4842743,8585481,84580777,28219075,0.333634615
Cluster 1,Cluster 1,Cluster 1,TRIPURA,10486,361608,363853,725461,350,0.147191973,1799541,49191,88621,0.148385082,137812,111214,0.168301842,0.135433980,0.135433980,168472,279686,496127,373007,869134,1303414,0.763431237,0.724303586,0.800996705,1501369,2804783,1874376,272356,320040,592396,85790,74925,160715,335252,363404,3199203,698656,83314,117515,200829,3673917,961453,0.261696984
Cluster 1,Cluster 2,Cluster 2,UTTAR PRADESH,240928,9661113,11763367,21424480,829,0.203188627,95331831,3541700,6378138,0.203688801,9919838,4071400,0.181119869,0.136389849,0.136389849,7061432,11132832,49169240,36245546,85414786,46162591,0.572524972,0.484230613,0.653087968,68234964,114397555,104480510,8846060,14276668,23122728,2162260,3219206,5381466,12293614,15505178,166000000,27798792,5389194,9748121,15137315,199812341,44495063,0.222684259
Cluster 1,Cluster 1,Cluster 3,UTTARAKHAND,53483,480153,554430,1034583,189,0.190702255,4948519,398220,512068,0.188111362,910288,318159,0.270245398,0.223883550,0.223883550,477837,795996,1931274,1274065,3205339,3017245,0.682208387,0.609726870,0.752019990,3863708,6880953,5137773,600101,806770,1406871,73010,72896,145906,747518,803056,8489349,1550574,391513,627977,1019490,10086292,3049338,0.302324977
Cluster 1,Cluster 2,Cluster 3,WEST BENGAL,88752,7465147,8437465,15902612,1028,0.137956893,44467088,1739144,3088673,0.138444057,4827817,2369875,0.175481570,0.143668346,0.143668346,3388730,5758605,16747617,12990217,29737834,27719471,0.674199170,0.623370503,0.722484789,33818810,61538281,46809027,5789837,6684464,12474301,914793,1048966,1963759,7057564,7897027,80176197,14954591,2279494,3151360,5430854,91276115,29093002,0.318736199
Cluster 2,Not Clustered,Cluster 1,CHANDIGARH,114,39658,51211,90869,9258,0.171853192,474787,89705,104748,0.171895385,194453,49536,0.435420911,0.407395316,0.407395316,73370,122906,134695,115317,250012,340092,0.763122839,0.716304364,0.801404601,465346,805438,580663,43915,67964,111879,5668,5586,11254,56598,73645,900635,130243,54185,88021,142206,1055450,1026459,0.972532095
Cluster 2,Cluster 1,Cluster 1,GOA,3702,80806,80497,161303,394,0.082305137,719405,72751,74077,0.082273230,146828,92597,0.376578714,0.345324261,0.345324261,124454,217051,169741,123317,293058,549664,0.799075106,0.764053628,0.833161512,615823,1165487,739140,74807,91716,166523,54305,45518,99823,87195,94300,1347668,181495,83080,102298,185378,1458545,906814,0.621725075
Cluster 2,Not Clustered,Cluster 1,NCT OF DELHI,1483,661086,796975,1458061,11320,0.212053826,7800615,1221872,1535972,0.212081334,2757844,706981,0.396100808,0.358565831,0.358565831,998578,1705559,2257704,1792470,4050174,5542911,0.758745042,0.710573589,0.800555805,7194856,12737767,8987326,831453,1099958,1931411,213503,239952,453455,1033272,1197622,13850507,2230894,868181,1318133,2186314,16787941,16368899,0.975039107
Cluster 3,Cluster 3,Cluster 1,DAMAN & DIU,111,11291,15332,26623,2191,0.537262016,92946,4377,8425,0.537552780,12802,7926,0.319798394,0.257332214,0.257332214,17573,25499,29183,25658,54841,63763,0.774546038,0.686021991,0.829289226,124643,188406,150301,10834,24792,35626,2156,4342,6498,15399,26048,158204,41447,11615,27874,39489,243247,182851,0.751709168
Cluster 3,Cluster 1,Cluster 1,KERALA,38852,2324577,2076920,4401497,860,0.049349190,17378649,1399985,1131336,0.049140059,2531321,3004425,0.366335828,0.365435714,0.365435714,2849702,5854127,2947728,2322509,5270237,14430921,0.842237102,0.830382212,0.855091452,13704903,28135824,16027412,2469026,2590783,5059809,712170,601366,1313536,2543414,2522296,31841374,5065710,1946369,1906020,3852389,33406061,15934926,0.477007032
Cluster 3,Cluster 3,Cluster 1,LAKSHADWEEP,30,4887,4523,9410,2149,0.062984336,31350,844,1458,0.063033800,2302,3120,0.251578180,0.206921850,0.206921850,5023,8143,6820,5100,11920,24530,0.815116405,0.782456140,0.846028439,28023,52553,33123,5335,5970,11305,1479,1250,2729,6313,6500,60650,12813,2523,3252,5775,64473,50332,0.780667876
Cluster 3,Cluster 1,Cluster 1,MAHARASHTRA,307713,7266014,8069806,15335820,365,0.159339769,54131277,3471410,5167671,0.159949686,8639081,3882481,0.288583203,0.240150071,0.240150071,6347942,10230423,17834571,12985472,30820043,36296706,0.725737700,0.670531124,0.777046864,45257584,81554290,58243056,5460199,7132530,12592729,2048132,2079746,4127878,8282058,8346143,96878627,16628201,5645739,7914102,13559841,112374333,50818259,0.452223009
Cluster 3,Cluster 3,Cluster 1,PUDUCHERRY,490,48024,45162,93186,2547,0.280891265,635442,62547,79482,0.280812238,142029,77195,0.383287672,0.336488617,0.336488617,97275,174470,175511,115133,290644,459931,0.767103409,0.723796979,0.812031131,497378,957309,612511,86046,85255,171301,12186,11510,23696,98091,89632,974345,187723,74077,87749,161826,1247953,852753,0.683321407
Cluster 3,Cluster 2,Cluster 3,PUNJAB,50362,953748,1273936,2227684,551,0.139187288,13103873,887070,873776,0.138935882,1760846,1096302,0.306970344,0.282164365,0.282164365,1472861,2569163,4832792,4203409,9036201,8271081,0.674292942,0.631193617,0.712871406,10436056,18707137,14639465,1319242,1747063,3066305,266396,299936,566332,2014660,2273540,24358999,4288200,1714074,2472299,4186373,27743338,10399146,0.374833987
Cluster 3,Cluster 1,Cluster 1,TAMIL NADU,130060,2767790,2861589,5629379,555,0.156678385,36009055,2338400,3119342,0.156097188,5457742,3472038,0.302007276,0.262797482,0.262797482,4665924,8137962,12212039,8097484,20309523,23797016,0.718498142,0.660861997,0.775928673,28040491,51837507,36137975,4520412,5087592,9608004,1111650,1188833,2300483,5845740,6479422,62405679,12325162,3652651,4540573,8193224,72147030,34917440,0.483976125
